{
  "accuracy": 0.9911666159000914,
  "weighted_f1": 0.9913816605539253,
  "macro_f1": 0.9764245816257832,
  "confusion_matrix": [
    [
      1795,
      0,
      18
    ],
    [
      0,
      1237,
      9
    ],
    [
      0,
      2,
      222
    ]
  ],
  "classification_report": {
    "0": {
      "precision": 1.0,
      "recall": 0.9900717043574186,
      "f1-score": 0.9950110864745011,
      "support": 1813.0
    },
    "1": {
      "precision": 0.9983857949959645,
      "recall": 0.992776886035313,
      "f1-score": 0.9955734406438632,
      "support": 1246.0
    },
    "2": {
      "precision": 0.891566265060241,
      "recall": 0.9910714285714286,
      "f1-score": 0.9386892177589852,
      "support": 224.0
    },
    "accuracy": 0.9911666159000914,
    "macro avg": {
      "precision": 0.9633173533520685,
      "recall": 0.9913066729880535,
      "f1-score": 0.9764245816257832,
      "support": 3283.0
    },
    "weighted avg": {
      "precision": 0.9919888955036447,
      "recall": 0.9911666159000914,
      "f1-score": 0.9913816605539253,
      "support": 3283.0
    }
  },
  "probability_mean_max": 0.9797304272651672
}